ad_id,angle,reddit_evidence,platform,placement,format,aspect_ratio,dimensions_px,file,headline,accent_phrase,primary_text,meta_cta_button,onscreen_cta,reassurance_line
camera-roll,The camera roll has the photo, not the reason,"#1 most repeated pain point across all 3 reddit-ad-angles research runs (r/daddit 'everything just disappears into my photos app'; r/Mommit '8500 pictures... so daunting')",Instagram + Facebook,Feed,Image,4:5,1080x1350,social/out/ads/camera-roll-portrait-launch.png,The photo survives. The reason doesn’t.,The reason doesn’t.,"Four thousand photos and no idea why you took them. Pocket Chronicle keeps the question that caused the moment, filed with the moment.",Download,Download on the App Store,The daily question is always free
camera-roll,The camera roll has the photo, not the reason,see above,Instagram + Facebook,Feed,Image,1:1,1080x1080,social/out/ads/camera-roll-square-launch.png,The photo survives. The reason doesn’t.,The reason doesn’t.,"Four thousand photos and no idea why you took them. Pocket Chronicle keeps the question that caused the moment, filed with the moment.",Download,Download on the App Store,The daily question is always free
camera-roll,The camera roll has the photo, not the reason,see above,Instagram + Facebook,Stories,Image,9:16,1080x1920,social/out/ads/camera-roll-story-launch.png,The photo survives. The reason doesn’t.,The reason doesn’t.,"Four thousand photos and no idea why you took them. Pocket Chronicle keeps the question that caused the moment, filed with the moment.",Download,Download on the App Store,The daily question is always free
camera-roll,The camera roll has the photo, not the reason,see above,Instagram + Facebook,Reels / Stories,Video (~6.5s),9:16,1080x1920,video/out/ads/camera-roll.mp4,The photo survives. The reason doesn’t.,The reason doesn’t.,"Four thousand photos and no idea why you took them. Pocket Chronicle keeps the question that caused the moment, filed with the moment.",Download,Download on the App Store,The daily question is always free
no-streaks,No streaks / anti-guilt,"Direct answer to tracking-app guilt found in every research run (r/beyondthebump 'the guilt is eating me alive'; r/NewParents 'ditched the milestone tracker because it was making me crazy'). Also the angle that most sharply separates this skill's calm framing from a baseline run that proposed forbidden 'urgency' copy.",Instagram + Facebook,Feed,Image,4:5,1080x1350,social/out/ads/no-streaks-portrait-launch.png,Miss a day and nothing happens.,nothing happens,"No streak to keep, no badge to clear, nothing to catch up on. The archive does not keep score of you.",Download,Download on the App Store,The daily question is always free
no-streaks,No streaks / anti-guilt,see above,Instagram + Facebook,Feed,Image,1:1,1080x1080,social/out/ads/no-streaks-square-launch.png,Miss a day and nothing happens.,nothing happens,"No streak to keep, no badge to clear, nothing to catch up on. The archive does not keep score of you.",Download,Download on the App Store,The daily question is always free
no-streaks,No streaks / anti-guilt,see above,Instagram + Facebook,Stories,Image,9:16,1080x1920,social/out/ads/no-streaks-story-launch.png,Miss a day and nothing happens.,nothing happens,"No streak to keep, no badge to clear, nothing to catch up on. The archive does not keep score of you.",Download,Download on the App Store,The daily question is always free
no-streaks,No streaks / anti-guilt,see above,Instagram + Facebook,Reels / Stories,Video (~6.5s),9:16,1080x1920,video/out/ads/no-streaks.mp4,Miss a day and nothing happens.,nothing happens,"No streak to keep, no badge to clear, nothing to catch up on. The archive does not keep score of you.",Download,Download on the App Store,The daily question is always free
voice,Their voice fades faster than their face,"Independently validated twice: with-skill run found real mispronunciation-loss grief (r/Mommit 'fuffins'->'muffins'); baseline run found 'zero audio recordings despite a million videos' (r/daddit). Strongest, most-repeated theme in the kids-voice research thread specifically.",Instagram + Facebook,Feed,Image,4:5,1080x1350,social/out/ads/voice-portrait-launch.png,In 2041 you can still hear them say it.,hear them say it.,"Ten seconds of them talking, transcribed on the way in — so an archive you can read is also one you can search by what they actually said.",Download,Download on the App Store,The daily question is always free
voice,Their voice fades faster than their face,see above,Instagram + Facebook,Feed,Image,1:1,1080x1080,social/out/ads/voice-square-launch.png,In 2041 you can still hear them say it.,hear them say it.,"Ten seconds of them talking, transcribed on the way in — so an archive you can read is also one you can search by what they actually said.",Download,Download on the App Store,The daily question is always free
voice,Their voice fades faster than their face,see above,Instagram + Facebook,Stories,Image,9:16,1080x1920,social/out/ads/voice-story-launch.png,In 2041 you can still hear them say it.,hear them say it.,"Ten seconds of them talking, transcribed on the way in — so an archive you can read is also one you can search by what they actually said.",Download,Download on the App Store,The daily question is always free
voice,Their voice fades faster than their face,see above,Instagram + Facebook,Reels / Stories,Video (~6.5s),9:16,1080x1920,video/out/ads/voice.mp4,In 2041 you can still hear them say it.,hear them say it.,"Ten seconds of them talking, transcribed on the way in — so an archive you can read is also one you can search by what they actually said.",Download,Download on the App Store,The daily question is always free
keep-what-you-wrote,If you stop paying you keep what you wrote,"Highest-evidence gap the existing 12-ad set didn't cover: Tinybeans 'cancel button doesn't work' dark-pattern thread (highest-engagement thread found in that research pass), plus an unanswered Reddit question 'do the photos you uploaded remain available after you cancel?' New ad, added for this launch set.",Instagram + Facebook,Feed,Image,4:5,1080x1350,social/out/ads/keep-what-you-wrote-portrait-launch.png,You still keep everything you wrote.,everything you wrote.,Drop to the free tier and the archive stays whole — searchable, exportable, yours.,Download,Download on the App Store,The daily question is always free
keep-what-you-wrote,If you stop paying you keep what you wrote,see above,Instagram + Facebook,Feed,Image,1:1,1080x1080,social/out/ads/keep-what-you-wrote-square-launch.png,You still keep everything you wrote.,everything you wrote.,Drop to the free tier and the archive stays whole — searchable, exportable, yours.,Download,Download on the App Store,The daily question is always free
keep-what-you-wrote,If you stop paying you keep what you wrote,see above,Instagram + Facebook,Stories,Image,9:16,1080x1920,social/out/ads/keep-what-you-wrote-story-launch.png,You still keep everything you wrote.,everything you wrote.,Drop to the free tier and the archive stays whole — searchable, exportable, yours.,Download,Download on the App Store,The daily question is always free
keep-what-you-wrote,If you stop paying you keep what you wrote,see above,Instagram + Facebook,Reels / Stories,Video (~6.5s),9:16,1080x1920,video/out/ads/keep-what-you-wrote.mp4,You still keep everything you wrote.,everything you wrote.,Drop to the free tier and the archive stays whole — searchable, exportable, yours.,Download,Download on the App Store,The daily question is always free
no-ads,No ads / your kid isn't the product,"Second gap-filling angle: Tinybeans ads-on-paid-tier complaints plus the Family Album AI-integration backlash thread ('Time to go back to hard drives') and the repeated desire to 'keep kid off Meta/Google AI training pipeline.' New ad, added for this launch set.",Instagram + Facebook,Feed,Image,4:5,1080x1350,social/out/ads/no-ads-portrait-launch.png,No ads. Your kid trains nothing.,trains nothing.,"Not now, not at a bigger scale, not ever. The archive is private by default.",Download,Download on the App Store,The daily question is always free
no-ads,No ads / your kid isn't the product,see above,Instagram + Facebook,Feed,Image,1:1,1080x1080,social/out/ads/no-ads-square-launch.png,No ads. Your kid trains nothing.,trains nothing.,"Not now, not at a bigger scale, not ever. The archive is private by default.",Download,Download on the App Store,The daily question is always free
no-ads,No ads / your kid isn't the product,see above,Instagram + Facebook,Stories,Image,9:16,1080x1920,social/out/ads/no-ads-story-launch.png,No ads. Your kid trains nothing.,trains nothing.,"Not now, not at a bigger scale, not ever. The archive is private by default.",Download,Download on the App Store,The daily question is always free
no-ads,No ads / your kid isn't the product,see above,Instagram + Facebook,Reels / Stories,Video (~6.5s),9:16,1080x1920,video/out/ads/no-ads.mp4,No ads. Your kid trains nothing.,trains nothing.,"Not now, not at a bigger scale, not ever. The archive is private by default.",Download,Download on the App Store,The daily question is always free
